﻿designator,quantity,value,pack,mpn,mount_type
"C1, C16, C17, C19, C2",5,1u,C_0402_1005Metric,,smt
C10,1,100u,C_0805_2012Metric,,smt
"C11, C12",2,10u,C_0603_1608Metric,,smt
C14,1,2u2,C_0402_1005Metric,,smt
C15,1,10n,C_0402_1005Metric,,smt
C18,1,1uf,C_0402_1005Metric,,smt
"C20, C5",2,4u7,C_0603_1608Metric,,smt
"C3, C4, C6, C7, C8, C9",6,100n,C_0402_1005Metric,,smt
"D1, D2, D3",3,16V,D_0402_1005Metric,,smt
"D4, D5",2,GREEN,D_0402_1005Metric,,smt
"H1, H2, H3, H4",4,MountingHole_Pad,MountingHole_2.5mm_Pad_TopBottom,,tht
"J1, J11, J2, J5, J7",5,~,JST_XH_B2B-XH-A_1x02_P2.50mm_Vertical,,tht
J10,1,Conn_01x04,JST_XH_B4B-XH-A_1x04_P2.50mm_Vertical,,tht
J12,1,Conn_ARM_SWD_TagConnect_TC2030-NL,Tag-Connect_TC2030-IDC-NL_2x03_P1.27mm_Vertical,,tht
"J13, J4, J9",3,~,JST_XH_B4B-XH-A_1x04_P2.50mm_Vertical,,tht
J3,1,~,"TerminalBlock_Phoenix_MKDS-1,5-2_1x02_P5.00mm_Horizontal",,tht
J6,1,~,TerminalBlock_Altech_AK300-4_P5.00mm,,tht
J8,1,~,JST_XH_B6B-XH-A_1x06_P2.50mm_Vertical,,tht
"Q1, Q2, Q3, Q5",4,PMOS,TSOT-23,,smt
"Q4, Q6",2,NMOS,TSOT-23,,smt
"R1, R15, R16, R18",4,100k,R_0402_1005Metric,,smt
"R10, R13, R19, R3, R4, R5, R7, R8, R9",9,10k,R_0402_1005Metric,,smt
"R11, R2",2,1k,R_0402_1005Metric,,smt
"R12, R14",2,80m,R_0402_1005Metric,,smt
R17,1,0R,R_0402_1005Metric,,smt
R6,1,200k,R_0402_1005Metric,,smt
SW1,1,SW_DIP_x02,SW_DIP_SPSTx02_Slide_6.7x6.64mm_W6.73mm_P2.54mm_LowProfile_JPin,,smt
"TP1, TP2, TP3",3,TestPoint,TestPoint_Pad_D1.0mm,,tht
U1,1,ICM-42670-P,LGA-14_3x2.5mm_P0.5mm_LayoutBorder3x4y,,smt
U2,1,AP2112K-3.3,SOT-23-5,,smt
U3,1,DRV8833PWP,HTSSOP-16-1EP_4.4x5mm_P0.65mm_EP3.4x5mm_Mask2.46x2.31mm_ThermalVias,,smt
U4,1,STM32F401CCUx,QFN-48-1EP_7x7mm_P0.5mm_EP5.6x5.6mm,,smt
Y1,1,Crystal_GND24_Small,Crystal_SMD_2016-4Pin_2.0x1.6mm,,smt
