﻿pos_x,pos_y,rotation,side,designator,mpn,pack,value,mount_type,place
59.5656,-36.322,0.0,top,C1,,C_0402_1005Metric,1u,smt,True
62.6872,-53.3552,90.0,top,C10,,C_0805_2012Metric,100u,smt,True
60.6552,-53.594,90.0,top,C11,,C_0603_1608Metric,10u,smt,True
58.7248,-53.594,90.0,top,C12,,C_0603_1608Metric,10u,smt,True
56.134,-52.5552,-90.0,top,C14,,C_0402_1005Metric,2u2,smt,True
56.134,-54.6836,-90.0,top,C15,,C_0402_1005Metric,10n,smt,True
33.528,-35.6388,90.0,top,C16,,C_0402_1005Metric,1u,smt,True
33.4772,-38.5344,-90.0,top,C17,,C_0402_1005Metric,1u,smt,True
27.178,-50.0152,-90.0,top,C18,,C_0402_1005Metric,1uf,smt,True
35.0012,-43.2308,0.0,top,C19,,C_0402_1005Metric,1u,smt,True
59.436,-30.226,0.0,top,C2,,C_0402_1005Metric,1u,smt,True
42.5704,-43.9798,-90.0,top,C20,,C_0603_1608Metric,4u7,smt,True
61.214,-46.402694,-90.0,top,C3,,C_0402_1005Metric,100n,smt,True
58.6232,-47.774294,0.0,top,C4,,C_0402_1005Metric,100n,smt,True
48.514,-35.2044,-90.0,top,C5,,C_0603_1608Metric,4u7,smt,True
44.478,-42.898,180.0,top,C6,,C_0402_1005Metric,100n,smt,True
45.72,-35.052,-90.0,top,C7,,C_0402_1005Metric,100n,smt,True
38.128,-32.484,0.0,top,C8,,C_0402_1005Metric,100n,smt,True
35.56,-33.9116,90.0,top,C9,,C_0402_1005Metric,100n,smt,True
62.5348,-31.219,90.0,top,D1,,D_0402_1005Metric,16V,smt,True
56.3372,-62.790001,-90.0,top,D2,,D_0402_1005Metric,16V,smt,True
55.332,-58.286801,90.0,top,D3,,D_0402_1005Metric,16V,smt,True
51.054,-36.83,0.0,top,D4,,D_0402_1005Metric,GREEN,smt,True
33.295001,-30.455998,180.0,top,D5,,D_0402_1005Metric,GREEN,smt,True
71.12,-73.5584,0.0,top,H1,,MountingHole_2.5mm_Pad_TopBottom,MountingHole_Pad,tht,False
17.27323,-73.5584,0.0,top,H2,,MountingHole_2.5mm_Pad_TopBottom,MountingHole_Pad,tht,False
17.27323,-23.368,0.0,top,H3,,MountingHole_2.5mm_Pad_TopBottom,MountingHole_Pad,tht,False
71.12,-23.368,0.0,top,H4,,MountingHole_2.5mm_Pad_TopBottom,MountingHole_Pad,tht,False
70.866,-29.718,-90.0,top,J1,,JST_XH_B2B-XH-A_1x02_P2.50mm_Vertical,~,tht,True
33.314,-23.114,0.0,top,J10,,JST_XH_B4B-XH-A_1x04_P2.50mm_Vertical,Conn_01x04,tht,True
17.6784,-32.1926,90.0,top,J11,,JST_XH_B2B-XH-A_1x02_P2.50mm_Vertical,~,tht,True
26.035,-35.1536,90.0,top,J12,,Tag-Connect_TC2030-IDC-NL_2x03_P1.27mm_Vertical,Conn_ARM_SWD_TagConnect_TC2030-NL,tht,False
70.9422,-47.0916,-90.0,top,J13,,JST_XH_B4B-XH-A_1x04_P2.50mm_Vertical,~,tht,True
60.706,-23.114,0.0,top,J2,,JST_XH_B2B-XH-A_1x02_P2.50mm_Vertical,~,tht,True
53.3654,-70.1804,0.0,top,J3,,"TerminalBlock_Phoenix_MKDS-1,5-2_1x02_P5.00mm_Horizontal",~,tht,True
17.6784,-45.8978,90.0,top,J4,,JST_XH_B4B-XH-A_1x04_P2.50mm_Vertical,~,tht,True
24.678,-23.114,0.0,top,J5,,JST_XH_B2B-XH-A_1x02_P2.50mm_Vertical,~,tht,True
29.9072,-69.8754,0.0,top,J6,,TerminalBlock_Altech_AK300-4_P5.00mm,~,tht,True
70.8406,-38.4302,-90.0,top,J7,,JST_XH_B2B-XH-A_1x02_P2.50mm_Vertical,~,tht,True
17.8308,-65.2272,90.0,top,J8,,JST_XH_B6B-XH-A_1x06_P2.50mm_Vertical,~,tht,True
46.99,-23.114,0.0,top,J9,,JST_XH_B4B-XH-A_1x04_P2.50mm_Vertical,~,tht,True
65.09,-33.821999,-90.0,top,Q1,,TSOT-23,PMOS,smt,True
53.8734,-61.849,90.0,top,Q2,,TSOT-23,PMOS,smt,True
57.618,-59.3198,-90.0,top,Q3,,TSOT-23,PMOS,smt,True
26.964,-44.5008,180.0,top,Q4,,TSOT-23,NMOS,smt,True
36.068,-55.852,0.0,top,Q5,,TSOT-23,PMOS,smt,True
28.702,-55.786,180.0,top,Q6,,TSOT-23,NMOS,smt,True
62.8904,-56.593199,-90.0,top,R1,,R_0402_1005Metric,100k,smt,True
45.466,-50.987025,90.0,top,R10,,R_0402_1005Metric,10k,smt,True
27.686,-48.486,180.0,top,R11,,R_0402_1005Metric,1k,smt,True
42.670001,-52.9336,180.0,top,R12,,R_0402_1005Metric,80m,smt,True
39.6748,-52.372801,90.0,top,R13,,R_0402_1005Metric,10k,smt,True
42.670001,-54.788,180.0,top,R14,,R_0402_1005Metric,80m,smt,True
33.274,-55.09,90.0,top,R15,,R_0402_1005Metric,100k,smt,True
37.996401,-52.8828,180.0,top,R16,,R_0402_1005Metric,100k,smt,True
30.99,-33.5,0.0,top,R17,,R_0402_1005Metric,0R,smt,True
31.75,-55.091999,90.0,top,R18,,R_0402_1005Metric,100k,smt,True
33.272001,-31.722,0.0,top,R19,,R_0402_1005Metric,10k,smt,True
51.5112,-34.9504,90.0,top,R2,,R_0402_1005Metric,1k,smt,True
64.6664,-30.734,0.0,top,R3,,R_0402_1005Metric,10k,smt,True
57.939399,-63.244801,0.0,top,R4,,R_0402_1005Metric,10k,smt,True
54.062,-58.263801,-90.0,top,R5,,R_0402_1005Metric,10k,smt,True
64.1604,-57.588398,-90.0,top,R6,,R_0402_1005Metric,200k,smt,True
27.7856,-41.9608,0.0,top,R7,,R_0402_1005Metric,10k,smt,True
27.687999,-47.216,180.0,top,R8,,R_0402_1005Metric,10k,smt,True
47.1424,-57.2008,0.0,top,R9,,R_0402_1005Metric,10k,smt,True
33.274,-48.74,90.0,top,SW1,,SW_DIP_SPSTx02_Slide_6.7x6.64mm_W6.73mm_P2.54mm_LowProfile_JPin,SW_DIP_x02,smt,True
65.786,-28.9052,0.0,top,TP1,,TestPoint_Pad_D1.0mm,TestPoint,tht,True
53.9496,-34.9504,0.0,top,TP2,,TestPoint_Pad_D1.0mm,TestPoint,tht,True
65.7352,-58.166,180.0,top,TP3,,TestPoint_Pad_D1.0mm,TestPoint,tht,True
58.665999,-45.083794,0.0,top,U1,,LGA-14_3x2.5mm_P0.5mm_LayoutBorder3x4y,ICM-42670-P,smt,True
60.010001,-33.274,90.0,top,U2,,SOT-23-5,AP2112K-3.3,smt,True
50.546,-53.844,0.0,top,U3,,HTSSOP-16-1EP_4.4x5mm_P0.65mm_EP3.4x5mm_Mask2.46x2.31mm_ThermalVias,DRV8833PWP,smt,True
40.832,-37.756,0.0,top,U4,,QFN-48-1EP_7x7mm_P0.5mm_EP5.6x5.6mm,STM32F401CCUx,smt,True
31.4032,-37.3492,-90.0,top,Y1,,Crystal_SMD_2016-4Pin_2.0x1.6mm,Crystal_GND24_Small,smt,True
